{
  "rolling_rf_with_sentiment": {
    "accuracy": {
      "mean": 0.5017921146953405,
      "std": 0.14899361785538728,
      "min": 0.2222222222222222,
      "max": 0.8888888888888888,
      "n": 31
    },
    "precision": {
      "mean": 0.4838837685611879,
      "std": 0.26793547578162524,
      "min": 0.0,
      "max": 1.0,
      "n": 31
    },
    "recall": {
      "mean": 0.5840245775729647,
      "std": 0.37018885707351107,
      "min": 0.0,
      "max": 1.0,
      "n": 31
    },
    "f1": {
      "mean": 0.49029339835791447,
      "std": 0.26447295075512195,
      "min": 0.0,
      "max": 0.9090909090909091,
      "n": 31
    },
    "test_samples": {
      "mean": 9.0,
      "std": 0.0,
      "min": 9.0,
      "max": 9.0,
      "n": 31
    },
    "roc_auc": {
      "mean": 0.5897849462365592,
      "std": 0.19862167611587364,
      "min": 0.11111111111111112,
      "max": 1.0,
      "n": 31
    }
  },
  "rolling_rf_technical_only": {
    "accuracy": {
      "mean": 0.4982078853046594,
      "std": 0.16425002490881146,
      "min": 0.2222222222222222,
      "max": 0.7777777777777778,
      "n": 31
    },
    "precision": {
      "mean": 0.5093061955965181,
      "std": 0.3372962235456435,
      "min": 0.0,
      "max": 1.0,
      "n": 31
    },
    "recall": {
      "mean": 0.47288786482334866,
      "std": 0.361128137024518,
      "min": 0.0,
      "max": 1.0,
      "n": 31
    },
    "f1": {
      "mean": 0.4313159958321248,
      "std": 0.2710810477066337,
      "min": 0.0,
      "max": 0.8,
      "n": 31
    },
    "test_samples": {
      "mean": 9.0,
      "std": 0.0,
      "min": 9.0,
      "max": 9.0,
      "n": 31
    },
    "roc_auc": {
      "mean": 0.5498463901689707,
      "std": 0.1787060901318193,
      "min": 0.22222222222222224,
      "max": 0.9,
      "n": 31
    }
  }
}